Name,Term,ES,NES,NOM p-val,FDR q-val,FWER p-val,Tag %,Gene %,Lead_genes
prerank,Mitochondrial ribosome,-0.7494769561261803,-3.27499330612344,0.0,0.0,0.0,74/81,22.45%,MRPS22;MRPL12;MRPS18A;MRPL47;MRPS10;MRPL16;MRPL54;MRPS15;MRPL15;GADD45GIP1;MRPL20;MRPS36;MRPS11;MRPL3;MRPS27;MRPS18B;PTCD3;MRPS21;MRPS18C;MRPL18;MRPL41;MRPL48;MRPL37;MRPS23;MRPS7;MRPS12;CHCHD1;MRPL35;MRPL55;MRPS6;MRPL36;MRPL28;MRPS34;MRPL46;MRPL22;MRPL11;MRPL30;MRPS28;MRPS16;MRPL17;MRPL51;MRPL34;AURKAIP1;MRPL21;MRPS26;MRPL38;MRPL13;MRPS14;MRPL2;MRPS30;MRPL42;MRPL19;MRPS33;MRPL23;MRPS24;MRPL53;MRPL50;MRPL45;MRPL40;MRPS5;MRPL1;DAP3;MRPS9;MRPS2;MRPL24;MRPL10;MRPS17;MRPS25;MRPL14;MRPL44;MRPL39;MRPL49;MRPL52;MRPS35
prerank,Translation,-0.6490560290727683,-3.2230843874396817,0.0,0.0,0.0,102/147,21.94%,MRPS22;MRPL12;MRPS18A;MRPL47;MRPS10;MRPL16;MRPL54;GARS;MRPS15;FASTKD2;MRPL15;GADD45GIP1;HEMK1;MRPL20;MRPS36;MRPS11;MRPL3;MRPS27;MRPS18B;PTCD3;MRPS21;MRPS18C;TUFM;MRPL18;MRPL41;MRPL48;MRPL37;MRPS23;MRPS7;MRPS12;CHCHD1;MTIF3;COA3;MRPL35;MRPL55;SARS2;MRPS6;MRPL36;MRPL28;TSFM;MRPS34;MRPL46;RARS2;MARS2;MRPL22;MRPL11;MRPL30;MRPS28;MRPS16;MRPL17;MRPL51;MRPL34;SLIRP;EARS2;CARS2;AURKAIP1;YARS2;LRPPRC;MRPL21;MRPS26;MRPL38;MRPL13;MRPS14;GFM1;ERAL1;MRPL2;MRPS30;MPV17L2;MRPL42;PUSL1;MRPL19;MRPS33;PPA2;KARS;MRPL23;MRPS24;AARS2;TARS2;RBFA;MRPL53;MRPL50;MALSU1;MRPL45;MRPL40;MRPS5;MRPL1;DAP3;MRPS9;MRPS2;MRPL24;VARS2;MRPL10;MRPS17;QRSL1;MRPS25;HARS2;MRPL14;DDX28;MRPL44;MRPL39;MRPL49;MRPL52
prerank,Protein import and sorting,-0.779285171458567,-3.2076212138966964,0.0,0.0,0.0,33/47,13.77%,TOMM20L;DNAJC15;TIMM8A1;TIMM17A;GRPEL1;TIMM13;ROMO1;TOMM40;DNAJC11;TIMM23;SAMM50;DNAJC19;TOMM5;MTX1;TIMM50;MIPEP;TOMM6;PAM16;AIFM1;TOMM40L;TOMM70A;TIMM10;PMPCA;TIMM8B;UQCRC2;TIMM22;TOMM20;GFER;TIMM44;TIMM10B;TOMM22;CHCHD4;UQCRC1
prerank,OXPHOS subunits,-0.7229273066034329,-3.134211579782186,0.0,0.0,0.0,66/82,17.86%,ATP5K;NDUFC1;ATP5E;UQCRQ;NDUFA5;SDHD;ATP5J2;NDUFB7;CYCS;NDUFB6;NDUFA3;UQCR10;COX7A2;NDUFB5;NDUFA12;NDUFS6;UQCR11;NDUFB2;CYC1;COX7C;NDUFA2;ATP5G1;NDUFS5;NDUFA11;UQCRC2;ATP5O;NDUFC2;NDUFAB1;COX6C;COX5B;UQCRFS1;NDUFA9;NDUFS1;NDUFV1;NDUFS4;NDUFS3;COX5A;NDUFA10;COX7B;SDHB;ATP5G3;NDUFB4;NDUFV2;NDUFS2;ATP5L;NDUFB10;UQCRB;ATP5H;NDUFA6;NDUFS8;NDUFS7;UQCRC1;COX8A;NDUFA4;NDUFB9;NDUFB8;COX6B1;NDUFA13;NDUFV3;HCCS;NDUFA8;ATP5D;ATP5A1;ATP5C1;COX6A1;ATP5B
prerank,Complex I,-0.7241570123868246,-3.132861746757601,0.0,0.0,0.0,41/54,15.97%,NDUFC1;NDUFA5;NDUFAF2;NDUFAF4;NDUFB7;NDUFB6;NDUFA3;NDUFB5;NDUFA12;NDUFS6;NDUFB2;ECSIT;AIFM1;NDUFA2;NDUFS5;NDUFA11;NDUFC2;NDUFAB1;NDUFAF6;NDUFA9;NDUFS1;NDUFV1;NDUFS4;NDUFS3;NDUFA10;NDUFB4;NDUFV2;NDUFS2;NDUFAF7;NDUFB10;NDUFA6;NDUFS8;NDUFS7;NDUFAF1;NDUFB9;NDUFB8;NUBPL;NDUFA13;NDUFAF5;NDUFV3;NDUFA8
prerank,CI subunits,-0.7798065703021825,-3.089286059095594,0.0,0.0,0.0,32/36,15.97%,NDUFC1;NDUFA5;NDUFB7;NDUFB6;NDUFA3;NDUFB5;NDUFA12;NDUFS6;NDUFB2;NDUFA2;NDUFS5;NDUFA11;NDUFC2;NDUFAB1;NDUFA9;NDUFS1;NDUFV1;NDUFS4;NDUFS3;NDUFA10;NDUFB4;NDUFV2;NDUFS2;NDUFB10;NDUFA6;NDUFS8;NDUFS7;NDUFB9;NDUFB8;NDUFA13;NDUFV3;NDUFA8
prerank,"Protein import, sorting and homeostasis",-0.6654109692685306,-3.0540003391933546,0.0,0.0,0.0,50/83,16.93%,TOMM20L;DNAJC15;HSPE1;TIMM8A1;TIMM17A;GRPEL1;TIMM13;PITRM1;ROMO1;TOMM40;DNAJC11;IDE;HSPD1;TIMM23;SAMM50;PHB;DNAJC19;STOML2;TOMM5;MTX1;TIMM50;MIPEP;TOMM6;PHB2;PAM16;AIFM1;TOMM40L;TOMM70A;TIMM10;PMPCA;TIMM8B;UQCRC2;TIMM22;TOMM20;PARL;GFER;CLPB;TIMM44;CASP3;TIMM10B;TRAP1;TOMM22;PARK7;CHCHD4;HTRA2;UQCRC1;TOMM7;CLPP;MUL1;AFG3L2
prerank,Complex IV,-0.6381588025845324,-2.679452219875705,0.0,0.0,0.0,29/42,28.14%,HIGD1A;CMC2;COX17;COX7A2;COA3;COX7C;COX20;COX6C;COX5B;COX10;COX5A;COX7B;COX11;COA4;SMIM20;COX8A;NDUFA4;COX6B1;COA7;COX19;COX6A1;PET100;CEP89;COX7A1;COX4I1;PNKD;TMEM177;COX6B2;SCO2
prerank,OXPHOS assembly factors,-0.592843874639043,-2.5096007738000887,0.0,0.0,0.0,38/55,32.31%,UQCC2;HIGD1A;NDUFAF2;NDUFAF4;CMC2;COX17;COA3;ECSIT;AIFM1;COX20;BCS1L;NDUFAF6;COX10;NDUFAF7;UQCC1;COX11;COA4;SMIM20;NDUFAF1;NUBPL;NDUFAF5;COA7;COX19;PET100;SDHAF1;CEP89;TMEM70;PNKD;TMEM177;TTC19;NDUFAF3;TMEM186;SCO2;ATPAF1;TMEM126A;SDHAF2;COX18;ATPAF2
prerank,Protein homeostasis,-0.5776636662649255,-2.3723602746184134,0.0,0.00044997219272966283,0.001,30/49,25.22%,HSPE1;TIMM8A1;TIMM13;PITRM1;IDE;HSPD1;PHB;STOML2;MIPEP;PHB2;TIMM10;PMPCA;TIMM8B;PARL;CLPB;CASP3;TIMM10B;TRAP1;PARK7;HTRA2;CLPP;MUL1;AFG3L2;DNAJA3;CLPX;LAP3;LACTB;PMPCB;PDF;AFG3L1
prerank,Complex III,-0.7763404495743521,-2.2652884752510256,0.0,0.0008181312595084778,0.002,11/14,13.77%,UQCC2;UQCRQ;UQCR10;UQCR11;CYC1;UQCRC2;BCS1L;UQCRFS1;UQCRB;UQCC1;UQCRC1
prerank,Chaperones,-0.7485753517112579,-2.259083279578301,0.0,0.000749953654549438,0.002,10/15,12.01%,HSPE1;TIMM8A1;TIMM13;HSPD1;PHB;PHB2;TIMM10;TIMM8B;TIMM10B;TRAP1
prerank,Complex V,-0.6901912201346155,-2.243383777745673,0.0,0.0006922649118917889,0.002,15/18,23.57%,ATP5K;ATP5E;ATP5J2;ATP5G1;ATP5O;ATP5G3;ATP5L;ATP5H;ATP5D;ATP5A1;ATP5C1;ATP5B;TMEM70;ATP5J;ATPIF1
prerank,CIV assembly factors,-0.6343575565410511,-2.2410690417982146,0.0,0.0006428174181852326,0.002,16/26,28.14%,HIGD1A;CMC2;COX17;COA3;COX20;COX10;COX11;COA4;SMIM20;COA7;COX19;PET100;CEP89;PNKD;TMEM177;SCO2
prerank,mtRNA metabolism,-0.48718449013495463,-2.212029378088446,0.0,0.0005999629236395504,0.002,48/71,32.04%,TBRG4;MRPL12;MRPL47;FASTKD2;DUS2;SUPV3L1;TRMT5;MRPS7;ELAC2;NSUN2;REXO2;SLIRP;PNPT1;PTCD1;LRPPRC;ERAL1;MYG1;TEFM;PPA2;FASTKD3;OSGEPL1;ENDOG;MRPS9;HSD17B10;PTCD2;FASTKD5;DDX28;TRIT1;RPUSD3;POLRMT;MTO1;FASTK;TRNT1;TOP1MT;THG1L;DHX30;METTL5;YRDC;CDK5RAP1;RMND1;TFAM;TRMT1;TRMT10C;METTL8;PUS1;PDE12;QTRT1;LACTB2
prerank,CV subunits,-0.73421781434361,-2.1907428771558557,0.0,0.001124930481824157,0.003,14/15,23.57%,ATP5K;ATP5E;ATP5J2;ATP5G1;ATP5O;ATP5G3;ATP5L;ATP5H;ATP5D;ATP5A1;ATP5C1;ATP5B;ATP5J;ATPIF1
prerank,TOM,-0.8404532111412264,-2.165177898112629,0.0,0.001058758100540383,0.003,8/9,15.58%,TOMM40;TOMM5;TOMM6;TOMM40L;TOMM70A;TOMM20;TOMM22;TOMM7
prerank,Fe-S-containing proteins,-0.5677044840562119,-2.141841106804335,0.0,0.0012499227575823967,0.004,17/30,19.18%,GLRX5;BOLA3;BOLA1;UQCRFS1;NDUFS1;NDUFV1;SDHB;LIAS;NDUFV2;NDUFS2;NFU1;NDUFS8;NDUFS7;CISD1;NUBPL;FECH;ACO2
prerank,CIII subunits,-0.8096197954999111,-2.1062211160681445,0.0,0.0018946197588617382,0.007,8/9,13.77%,UQCRQ;UQCR10;UQCR11;CYC1;UQCRC2;UQCRFS1;UQCRB;UQCRC1
prerank,Fe-S cluster biosynthesis,-0.5695240482717956,-2.101558550977917,0.0,0.0017998887709186513,0.007,10/22,16.53%,GLRX5;GRPEL1;BOLA3;BOLA1;HSPA9;NDUFAB1;NFU1;CISD1;NUBPL;FXN
prerank,mt-tRNA synthetases,-0.6261232841317086,-2.095893127936249,0.0,0.0017141797818272869,0.007,13/21,19.88%,GARS;SARS2;RARS2;MARS2;EARS2;CARS2;YARS2;KARS;AARS2;TARS2;VARS2;QRSL1;HARS2
prerank,CIV subunits,-0.664745575003866,-2.0635005241859075,0.0,0.002249860963648314,0.01,12/16,21.89%,COX7A2;COX7C;COX6C;COX5B;COX5A;COX7B;COX8A;NDUFA4;COX6B1;COX6A1;COX7A1;COX4I1
prerank,Import motor,-0.8921338549924367,-2.0314302979444894,0.0,0.0039128016759101105,0.018,5/6,10.43%,DNAJC15;GRPEL1;DNAJC19;PAM16;TIMM44
prerank,Coenzyme Q metabolism,-0.715844850689628,-2.0232102488534927,0.0045662100456621,0.00374976827274719,0.018,9/11,26.92%,COQ7;PDSS1;COQ2;COQ10A;COQ4;COQ10B;COQ5;COQ3;COQ6
prerank,TIM23 presequence pathway,-0.8561798663130982,-1.9601062534581288,0.0,0.0073795439607664695,0.037,4/6,7.46%,TIMM17A;ROMO1;TIMM23;TIMM50
prerank,Cristae formation,-0.7895215270881119,-1.942358718366623,0.0,0.0077879802587826254,0.041,7/8,14.83%,ATP5K;OPA1;IMMT;CHCHD3;ATP5L;CHCHD6;APOO
prerank,Translation factors,-0.6234904205182453,-1.937086050417139,0.006172839506172839,0.008166162016204992,0.045,6/15,13.05%,HEMK1;TUFM;MTIF3;COA3;TSFM;GFM1
prerank,Proteases,-0.536145481515694,-1.9368663941662323,0.0,0.0078745133727691,0.045,17/27,29.78%,PITRM1;IDE;MIPEP;PMPCA;PARL;CLPB;CASP3;HTRA2;CLPP;AFG3L2;CLPX;LAP3;LACTB;PMPCB;AFG3L1;YME1L1;NLN
prerank,CI assembly factors,-0.5785161624111183,-1.8799131237086948,0.0,0.013188840131731494,0.074,13/18,30.04%,NDUFAF2;NDUFAF4;ECSIT;AIFM1;NDUFAF6;NDUFAF7;NDUFAF1;NUBPL;NDUFAF5;TMEM70;NDUFAF3;TMEM186;TMEM126A
prerank,Intramitochondrial membrane interactions,-0.7486701593601206,-1.8671816899403946,0.0070921985815602835,0.014549100898259096,0.085,7/8,24.55%,DNAJC11;SAMM50;MTX1;ATAD3A;CHCHD3;MTX2;MTX3
prerank,Lysine metabolism,-0.5988060803741769,-1.8465175995932843,0.01744186046511628,0.01712797378777426,0.106,15/15,40.18%,AADAT;DLD;ETFB;ACAA2;DHTKD1;HADHB;ETFA;ECHS1;DLST;GCDH;ACAT1;ALDH7A1;SLC25A29;HADH;ETFDH
prerank,mtRNA stability and decay,-0.5517765646915278,-1.8273365758973805,0.0,0.01954566712169473,0.125,10/17,19.20%,TBRG4;FASTKD2;SUPV3L1;REXO2;SLIRP;PNPT1;LRPPRC;FASTKD3;ENDOG;FASTKD5
prerank,Proline metabolism,-0.7848333948709421,-1.7972550135739271,0.01079136690647482,0.026589265934025528,0.171,4/6,9.27%,PRODH;OAT;PYCR1;ALDH18A1
prerank,TCA cycle,-0.5251130056402589,-1.7609219648814987,0.0,0.03480667255526509,0.223,18/20,28.76%,SDHD;IDH3A;MRPS36;SUCLA2;FH1;DLD;SDHB;MDH2;IDH2;SUCLG1;CS;ACO2;OGDH;IDH3G;SDHA;SDHC;SUCLG2;DLST
prerank,mt-tRNA modifications,-0.5249804310423387,-1.7584173672775902,0.007874015748031496,0.03445501361472846,0.227,15/21,31.41%,DUS2;TRMT5;NSUN2;OSGEPL1;HSD17B10;TRIT1;MTO1;TRNT1;THG1L;YRDC;CDK5RAP1;TRMT1;TRMT10C;PUS1;QTRT1
prerank,mtRNA granules,-0.49907309089472346,-1.7451969152347417,0.020833333333333332,0.03662273679716422,0.245,17/26,30.96%,MRPL47;FASTKD2;SUPV3L1;MRPS7;PTCD1;ERAL1;MRPS9;HSD17B10;PTCD2;FASTKD5;DDX28;RPUSD3;FASTK;DHX30;RMND1;TRMT10C;PUS1
prerank,Metals and cofactors,-0.35094018269473226,-1.7352153244477049,0.0,0.039524584496524434,0.261,46/105,20.39%,GLRX5;CPOX;COQ7;GRPEL1;PDSS1;SDHD;CYCS;BOLA3;BOLA1;COX17;NUDT19;HSPA9;CYC1;COQ2;NDUFAB1;COQ10A;CPT1B;PCBD2;UQCRFS1;NDUFS1;NDUFV1;QDPR;COX10;SDHB;LIAS;NDUFV2;ABCB6;NDUFS2;NFU1;NDUFS8;NDUFS7;COX11;CISD1;COQ4;NUBPL;SLC25A3;HCCS;COX19;FECH;FXN;COASY;ACO2;CHCHD7;ABCB10;SPR;COQ10B
prerank,Copper metabolism,-0.7140486493403246,-1.705788974103426,0.028368794326241134,0.04890487252561861,0.329,6/7,28.14%,COX17;COX11;SLC25A3;COX19;CHCHD7;SCO2
prerank,Gluconeogenesis,-0.7063496524338955,-1.6820685405251172,0.024489795918367346,0.05653496780449609,0.384,6/8,24.64%,SLC25A10;MDH2;MPC1;PCX;SLC25A1;MPC2
prerank,Mitochondrial permeability transition pore,-0.7665293068454394,-1.6703979839878627,0.022292993630573247,0.059733808584862734,0.412,5/5,23.38%,VDAC3;VDAC1;SLC25A4;SLC25A5;PPIF
prerank,MICOS complex,-0.7668983332308259,-1.6212545320696863,0.04804804804804805,0.08110474400663921,0.516,5/5,23.34%,IMMT;CHCHD3;CHCHD6;APOO;APOOL
prerank,mtDNA repair,-0.6035450946611927,-1.6052615185112125,0.06637168141592921,0.08645894274591379,0.548,8/9,37.28%,RECQL4;APEX1;EXOG;LIG3;PRIMPOL;OGG1;UNG;POLB
prerank,Nucleotide synthesis and processing,-0.4904826280242235,-1.5957180698823445,0.023255813953488372,0.09114553020175262,0.574,16/22,30.77%,NT5DC2;NUDT5;SUCLA2;DUT;HINT1;NUDT2;DHODH;NME6;SUCLG1;NT5M;AK3;NUDT9;GUK1;AK2;NME4;NME3
prerank,Itaconate metabolism,-0.7231160487051326,-1.5921592290104647,0.03680981595092025,0.089892172138494,0.577,3/5,15.38%,CLYBL;SUCLA2;SUCLG1
prerank,Preprotein cleavage,-0.6530119623735464,-1.5915485224830528,0.05976095617529881,0.08809455595440731,0.578,5/8,23.80%,MIPEP;PMPCA;UQCRC2;UQCRC1;PMPCB
prerank,Complex II,-0.6832328699717063,-1.555911494909323,0.07191780821917808,0.10613474545906175,0.646,6/6,31.71%,SDHD;SDHB;SDHAF1;SDHA;SDHC;SDHAF2
prerank,CIII assembly factors,-0.7033228158273208,-1.496825349693483,0.08357348703170028,0.14245928144292305,0.755,3/5,13.64%,UQCC2;BCS1L;UQCC1
prerank,Mitochondrial dynamics and surveillance,-0.3256038326028797,-1.4935085261615548,0.0,0.14192872912348115,0.76,46/90,30.05%,ATP5K;OPA1;CYCS;DNAJC11;SAMM50;MTFP1;MTX1;IMMT;ATAD3A;BAD;AIFM1;CHCHD3;TOMM20;MTCH2;PARL;RMDN3;CASP3;ATP5L;CHCHD6;PARK7;BAK1;HTRA2;APOO;MFN1;TOMM7;MUL1;VDAC1;ENDOG;FKBP8;ARMCX3;BAX;MTX2;ARL2;APOOL;BID;MTX3;GHITM;CHCHD2;FUNDC2;SPHK2;AIFM3;DIABLO;MIEF1;MFF;FIS1;BCL2L13
prerank,Organelle contact sites,-0.5377160112092576,-1.481252593902661,0.0748663101604278,0.14839899254104796,0.775,8/11,35.54%,ATAD3A;RMDN3;MFN1;VDAC1;FKBP8;FUNDC2;AHCYL1;MFN2
prerank,mtDNA maintenance,-0.37078497378059316,-1.458513039259715,0.047058823529411764,0.1617200060670408,0.803,14/29,28.72%,RECQL4;ATAD3A;POLQ;PPA2;POLDIP2;ENDOG;APEX1;PIF1;TOP3A;POLRMT;TOP1MT;EXOG;LIG3;TFAM
prerank,Fission,-0.4727060126777033,-1.434890767263091,0.08823529411764706,0.17654791326510888,0.842,15/15,52.78%,MTFP1;MUL1;MIEF1;MFF;FIS1;MIEF2;DNM1L;MTFR2;STX17;ARMC10;MTFR1;SLC25A46;OMA1;SPIRE1;RAB24
prerank,Cardiolipin synthesis,-0.4699744890654216,-1.4277100228535093,0.08227848101265822,0.17817168169814918,0.85,7/15,19.95%,GPAT2;AGPAT5;PTPMT1;TAMM41;PRELID1;CRLS1;HADHA
prerank,Fusion,-0.6113289198299307,-1.4245888337657904,0.12406015037593984,0.17659286054296197,0.853,4/7,22.77%,OPA1;MTCH2;MFN1;ARL2
prerank,Malate-aspartate shuttle,-0.6398696026571534,-1.4212846901776164,0.13194444444444445,0.17623910881911792,0.858,6/6,36.04%,SLC25A10;MDH2;GOT2;SLC25A12;SLC25A13;SLC25A11
prerank,Polycistronic mtRNA processing,-0.49716340403038006,-1.4202801830618303,0.13043478260869565,0.17393470577150238,0.858,8/12,23.59%,TBRG4;FASTKD2;ELAC2;FASTKD3;HSD17B10;PTCD2;FASTKD5;FASTK
prerank,Carbohydrate metabolism,-0.3096970665987475,-1.3977761924421412,0.0,0.1852921207918933,0.886,40/68,29.67%,ME2;SDHD;IDH3A;CLYBL;MRPS36;PCCB;SUCLA2;FH1;DLAT;DLD;SLC25A10;PDHB;RPIA;SDHB;PDHX;MDH2;ACAA2;MPC1;IDH2;PCX;SUCLG1;CS;GOT2;HADHB;ACO2;ABHD11;OGDH;IDH3G;SLC25A1;MPC2;PDHA1;PCCA;SDHA;SDHC;PDK3;SLC25A12;SUCLG2;DLST;HMGCL;ACLY
prerank,Electron carriers,-0.4779895928165091,-1.3656378981852049,0.12444444444444444,0.2085660584546963,0.915,6/11,18.63%,PRODH;CYCS;CYC1;ETFB;DHODH;ETFA
prerank,Coenzyme A metabolism,-0.6219730747695149,-1.334865343168636,0.1810344827586207,0.2297961439422864,0.931,3/5,24.18%,NUDT19;COASY;PANK2
prerank,Choline and betaine metabolism,-0.5741043413486016,-1.324689268116856,0.1870748299319728,0.2340618066927687,0.936,3/6,18.63%,SARDH;ETFB;ETFA
prerank,Amino acid metabolism,-0.2803562764027083,-1.3244233517436435,0.05555555555555555,0.2303107673121324,0.937,31/80,20.99%,NAGS;SARDH;MAOB;SLC25A21;BCKDHB;AADAT;PRODH;SHMT2;OAT;DLD;SLC25A15;PYCR1;ALDH18A1;GCSH;ETFB;ACAA2;MAOA;SFXN1;DHTKD1;GOT2;BCAT2;BCKDK;GRHPR;HADHB;HIBCH;HSD17B10;ETFA;HADHA;AKR7A5;ALDH9A1;ARG2
prerank,Branched-chain amino acid metabolism,-0.37003136645370766,-1.306902500818506,0.12962962962962962,0.24187849507550233,0.951,9/25,19.95%,BCKDHB;DLD;ETFB;BCAT2;BCKDK;HIBCH;HSD17B10;ETFA;HADHA
prerank,Nucleotide metabolism,-0.34981809694045,-1.2910246842266802,0.0875,0.2523473087291996,0.959,17/33,19.69%,NT5DC2;NUDT5;SUCLA2;SLC25A33;DUT;HINT1;NUDT2;DHODH;NME6;SUCLG1;PPA2;SLC25A25;NT5M;GATM;AK3;SLC25A4;SLC25A5
prerank,Mitochondrial ribosome assembly,-0.38860543440609036,-1.2798301681931106,0.16535433070866143,0.2586268745831919,0.965,13/20,34.97%,FASTKD2;PTCD3;ERAL1;MPV17L2;RBFA;MALSU1;DDX28;MTG1;DHX30;MIEF1;NOA1;NSUN4;MTG2
prerank,Folate and 1-C metabolism,-0.38029829557982675,-1.2764326266659531,0.13071895424836602,0.2573981558723899,0.966,7/19,14.55%,SARDH;MTHFD2;SHMT2;MTHFD1L;QDPR;SFXN1;FPGS
prerank,Lipid metabolism,-0.2579997904385399,-1.2742947969810199,0.0,0.2554457524880701,0.968,53/112,30.14%,ACSL6;GPAT2;PTGES2;MECR;AGPAT5;EHHADH;PCCB;ACADS;STARD7;PTPMT1;MGST3;TAMM41;IDI1;NDUFAB1;CPT1B;MCAT;ACOT7;GCSH;LIAS;HSD17B4;ETFB;ACAA2;FDPS;CRAT;ECH1;PRELID1;PRDX6;HADHB;HSD17B10;ETFA;CRLS1;ACAA1B;HADHA;ACOT9;LACTB;SLC25A1;DBI;ACSF3;CHPT1;CYP27A1;PCCA;ACAA1A;ACSL1;SPHK2;H2-KE6;FDXR;ECHS1;LIPT2;THEM4;ACADVL;CBR4;ECI2;DECR1
prerank,Glycine metabolism,-0.40950424508704975,-1.2274402313762207,0.22631578947368422,0.29200468203956753,0.984,5/13,12.40%,SARDH;SHMT2;DLD;GCSH;ETFB
prerank,mt-rRNA modifications,-0.4014051176302006,-1.2114549897443834,0.19428571428571428,0.30450357042332704,0.987,10/14,38.33%,MYG1;TRIT1;RPUSD3;METTL5;NSUN4;TRUB2;RPUSD4;METTL15;MRM1;MTPAP
prerank,mtDNA replication,-0.3893797119404839,-1.2030006850643995,0.20833333333333334,0.30935588250164314,0.989,6/13,28.72%,TOP3A;POLRMT;TOP1MT;EXOG;LIG3;TFAM
prerank,Type II fatty acid synthesis,-0.4782293045299038,-1.1830903431796966,0.22053231939163498,0.3243712589329482,0.992,6/8,29.89%,MECR;NDUFAB1;MCAT;ACSF3;H2-KE6;CBR4
prerank,Heme-containing proteins,-0.48155605703196513,-1.146012078029224,0.31868131868131866,0.36107054379464515,0.992,3/7,8.26%,SDHD;CYCS;CYC1
prerank,Carnitine synthesis and transport,0.6184006136714659,1.1287222770290728,0.31424581005586594,1.0,1.0,2/6,11.79%,CPT1C;TMLHE
prerank,Carnitine shuttle,0.6156237474106057,1.0821253156282769,0.39592430858806404,1.0,1.0,1/5,3.17%,CPT1C
prerank,Sideroflexins,0.611404189899868,1.0729346571715064,0.40995607613469986,1.0,1.0,3/5,25.57%,SFXN5;SFXN3;SFXN4
prerank,Branched-chain amino acid dehydrogenase complex,-0.47821744886246204,-1.0727506571034124,0.36129032258064514,0.4409727488750695,0.996,3/6,17.26%,BCKDHB;DLD;BCKDK
prerank,EF hand proteins,0.5032237240120584,1.0621512314394894,0.4198473282442748,1.0,1.0,1/11,1.19%,EFHD1
prerank,Vitamin metabolism,-0.2695106349266077,-1.0456156370746692,0.39622641509433965,0.4707834066434097,0.998,16/43,23.38%,SARDH;MTHFD2;SHMT2;MTHFD1L;QDPR;ETFB;SFXN1;FPGS;PCX;TXN2;MMADHC;ETFA;MTHFD2L;DHRS4;FLAD1;MTO1
prerank,Pyruvate metabolism,-0.3330272822807787,-1.0408965755331037,0.38421052631578945,0.4709298017061128,0.998,9/14,30.49%,DLAT;DLD;PDHB;PDHX;MPC1;MPC2;PDHA1;PDK3;PDK1
prerank,Transcription,-0.40861990996246766,-1.0372352608172575,0.38549618320610685,0.46936964265949555,0.998,5/8,28.72%,MRPL12;TEFM;POLRMT;TOP1MT;TFAM
prerank,Mitochondrial central dogma,-0.579289430364576,-1.0,1.0,0.5048454250638386,0.999,147/218,27.79%,TBRG4;MRPS22;MRPL12;MRPS18A;MRPL47;MRPS10;MRPL16;MRPL54;GARS;MRPS15;FASTKD2;MRPL15;GADD45GIP1;HEMK1;MRPL20;DUS2;MRPS36;MRPS11;MRPL3;MRPS27;MRPS18B;PTCD3;SUPV3L1;MRPS21;MRPS18C;TUFM;MRPL18;MRPL41;MRPL48;MRPL37;TRMT5;MRPS23;RECQL4;MRPS7;MRPS12;CHCHD1;MTIF3;ATAD3A;COA3;MRPL35;MRPL55;SARS2;MRPS6;MRPL36;MRPL28;ELAC2;TSFM;MRPS34;MRPL46;RARS2;MARS2;MRPL22;MRPL11;MRPL30;MRPS28;MRPS16;MRPL17;MRPL51;MRPL34;NSUN2;REXO2;SLIRP;EARS2;CARS2;PNPT1;AURKAIP1;PTCD1;YARS2;LRPPRC;MRPL21;POLQ;MRPS26;MRPL38;MRPL13;MRPS14;GFM1;ERAL1;MRPL2;MRPS30;MPV17L2;MRPL42;MYG1;TEFM;PUSL1;MRPL19;MRPS33;PPA2;KARS;FASTKD3;MRPL23;MRPS24;POLDIP2;OSGEPL1;AARS2;TARS2;RBFA;MRPL53;ENDOG;MRPL50;MALSU1;MRPL45;APEX1;MRPL40;MRPS5;MRPL1;DAP3;MRPS9;PIF1;MRPS2;MRPL24;VARS2;MRPL10;HSD17B10;PTCD2;MRPS17;QRSL1;FASTKD5;MRPS25;HARS2;MRPL14;DDX28;MRPL44;MRPL39;MRPL49;MRPL52;TOP3A;MRPS35;TRIT1;RPUSD3;POLRMT;MTO1;MTG1;FASTK;TRNT1;PDF;TOP1MT;MRPL32;EXOG;DARS2;THG1L;LIG3;DHX30;GFM2;METTL5;MRPL43;YRDC;CDK5RAP1
prerank,Metabolism,-0.27530323596344464,-1.0,1.0,0.5048454250638386,0.999,147/408,20.47%,ACSL6;NAGS;SARDH;MAOB;GPAT2;MTHFD2;SLC25A21;BCKDHB;GLRX5;AADAT;PTGES2;CPOX;MECR;COQ7;GRPEL1;NT5DC2;PDSS1;PRODH;AGPAT5;EHHADH;ME2;SDHD;NUDT5;IDH3A;CLYBL;CYCS;MRPS36;BOLA3;PCCB;SHMT2;BOLA1;TXNRD1;COX17;SUCLA2;FH1;ACADS;DLAT;OAT;NUDT19;STARD7;DLD;HSPA9;SLC25A15;CYC1;PYCR1;SLC25A10;PTPMT1;MGST3;SLC25A33;TAMM41;IDI1;ALDH18A1;PDHB;DUT;SLC25A30;MTHFD1L;COQ2;NDUFAB1;COQ10A;CPT1B;PCBD2;PRDX3;HINT1;UQCRFS1;NDUFS1;NDUFV1;MCAT;ACOT7;QDPR;COX10;GCSH;RPIA;SDHB;LIAS;PDHX;NDUFV2;HSD17B4;ETFB;ABCB6;MDH2;NDUFS2;ACAA2;FDPS;NUDT2;NFU1;NDUFS8;NDUFS7;DHODH;COX11;CISD1;MAOA;SFXN1;COQ4;DHTKD1;FPGS;MPC1;IDH2;PRDX2;CRAT;NME6;PCX;NUBPL;SUCLG1;PPA2;SLC25A3;CS;HCCS;COX19;SLC25A25;ECH1;FECH;GOT2;FXN;PRDX4;NT5M;TXN2;BCAT2;BCKDK;MMADHC;COASY;PRELID1;SOD2;TXNRD2;GATM;GRHPR;PRDX6;HADHB;HIBCH;HSD17B10;AK3;ETFA;CRLS1;GPX4;ACO2;ABHD11;SLC25A4;ACAA1B;CHCHD7;OGDH;SLC25A5;ABCB10;HADHA;ACOT9;AKR7A5;SPR;COQ10B;ALDH9A1
prerank,OXPHOS,-0.6736825112695924,-1.0,1.0,0.5048454250638386,0.999,112/136,28.14%,ATP5K;UQCC2;NDUFC1;ATP5E;UQCRQ;NDUFA5;HIGD1A;SDHD;NDUFAF2;NDUFAF4;CMC2;ATP5J2;NDUFB7;CYCS;NDUFB6;NDUFA3;COX17;UQCR10;COX7A2;NDUFB5;NDUFA12;NDUFS6;UQCR11;NDUFB2;CYC1;COA3;COX7C;ECSIT;AIFM1;NDUFA2;ATP5G1;NDUFS5;NDUFA11;UQCRC2;ATP5O;NDUFC2;NDUFAB1;COX20;COX6C;COX5B;BCS1L;UQCRFS1;NDUFAF6;NDUFA9;NDUFS1;NDUFV1;NDUFS4;COX10;NDUFS3;COX5A;NDUFA10;COX7B;SDHB;ATP5G3;NDUFB4;NDUFV2;NDUFS2;ATP5L;NDUFAF7;NDUFB10;UQCRB;ATP5H;NDUFA6;UQCC1;NDUFS8;NDUFS7;UQCRC1;COX11;COA4;SMIM20;COX8A;NDUFAF1;NDUFA4;NDUFB9;NDUFB8;COX6B1;NUBPL;NDUFA13;NDUFAF5;NDUFV3;COA7;HCCS;NDUFA8;COX19;ATP5D;ATP5A1;ATP5C1;COX6A1;ATP5B;PET100;SDHAF1;NDUFB3;CEP89;TMEM70;COX7A1;ATP5J;COX4I1;NDUFA7;PNKD;ATPIF1;NDUFB11;UQCRH;TMEM177;NDUFA1;TTC19;COX6B2;NDUFAF3;TMEM186;SDHA;SDHC;ATP5G2;SCO2
prerank,"Q-linked reactions, other",-0.37050531923098784,-0.9881999171967234,0.4392857142857143,0.5133144321677614,0.999,4/8,18.63%,PRODH;ETFB;DHODH;ETFA
prerank,Phospholipid metabolism,-0.2888735204172561,-0.9852845688214082,0.45864661654135336,0.5115443370765952,0.999,5/22,8.90%,GPAT2;AGPAT5;STARD7;PTPMT1;TAMM41
prerank,Glyoxylate metabolism,0.5196397924940606,0.9724704797281764,0.5498614958448753,1.0,1.0,2/6,17.86%,LDHB;PRODH2
prerank,Glutamate metabolism,-0.40451769281866234,-0.9679626933380494,0.462406015037594,0.5297297638909955,1.0,4/7,29.00%,GOT2;GLS2;SLC25A12;GLUD1
prerank,mtDNA nucleoid,-0.3510304521685635,-0.9298582769437883,0.5458015267175572,0.5802974722535873,1.0,9/9,64.92%,ATAD3A;POLDIP2;POLRMT;TFAM;POLG2;POLG;SSBP1;MTERF1B;MTERF1A
prerank,ABC transporters,0.4710845384540526,0.929151362945316,0.5885486018641811,1.0,1.0,1/8,4.46%,ABCD2
prerank,Immune response,0.515086932769201,0.921759849207118,0.6137026239067055,1.0,1.0,1/5,5.69%,CSTAD
prerank,Heme synthesis and processing,0.3945415507276533,0.889172071961201,0.6393244873341375,1.0,1.0,2/15,9.60%,FABP1;ALAS2
prerank,Fatty acid oxidation,-0.23316306196844078,-0.8839280489298456,0.6666666666666666,0.6454357232788163,1.0,11/39,19.95%,ACSL6;PCCB;ACADS;CPT1B;ETFB;ACAA2;CRAT;HADHB;HSD17B10;ETFA;HADHA
prerank,"Cholesterol, bile acid, steroid synthesis",0.37947085597446917,0.8002138557954184,0.7545787545787546,1.0,1.0,2/12,16.84%,CYP11A1;OSBPL1A
prerank,Sulfur metabolism,-0.29303556047742096,-0.7988782661027347,0.6964285714285714,0.7668502007422988,1.0,10/10,70.72%,SLC25A30;GOT2;TST;ETHE1;MSRA;SLC25A14;MPST;SUOX;MSRB2;TSTD1
prerank,Detoxification,-0.2090178229137824,-0.7920987420121397,0.926829268292683,0.7681132466131708,1.0,15/42,22.19%,MAOB;TXNRD1;PRDX3;MAOA;PRDX2;PRDX4;TXN2;SOD2;TXNRD2;PRDX6;GPX4;AKR7A5;ALDH9A1;TST;GSTZ1
prerank,Xenobiotic metabolism,0.3316053845482026,0.7617225328154771,0.7877030162412993,1.0,1.0,1/17,1.57%,MGST1
prerank,TCA-associated,0.3371468939197151,0.7611311121102549,0.7793764988009593,1.0,1.0,1/14,2.81%,SFXN5
prerank,NAD biosynthesis and metabolism,0.3642261117162811,0.760177237966053,0.7817938420348058,1.0,1.0,4/9,35.08%,KMO;NUDT13;SIRT3;SIRT4
prerank,Vitamin A metabolism,0.41806220451779574,0.7352413738447341,0.8092485549132948,1.0,1.0,2/5,25.55%,BCO2;AKR1B10
prerank,Mitophagy,-0.25867225878186817,-0.7334611376003277,0.8232558139534883,0.8412362487843613,1.0,4/11,19.74%,PARL;PARK7;TOMM7;FKBP8
prerank,Urea cycle,0.39337555503260835,0.7245660959226329,0.8103932584269663,1.0,1.0,1/6,1.69%,CAR5B
prerank,Calcium homeostasis,0.30212209735354933,0.7201312700986646,0.8361970217640321,1.0,1.0,1/21,1.19%,EFHD1
prerank,SLC25A family,-0.16642284086353717,-0.7164485805356423,0.9743589743589743,0.8530635616586537,1.0,11/47,19.69%,SLC25A21;SLC25A15;SLC25A10;SLC25A33;SLC25A30;MTCH2;SLC25A3;SLC25A25;SLC25A39;SLC25A4;SLC25A5
prerank,Autophagy,-0.22265985599113794,-0.7098228241621966,0.8588235294117647,0.8513267002678448,1.0,15/15,77.76%,PARL;PARK7;TOMM7;FKBP8;BCL2L13;PGAM5;STX17;SNAP29;FUNDC1;RAB24;USP30;NIPSNAP1;PINK1;NBR1;VPS13D
prerank,Biotin utilizing proteins,-0.31600959468602,-0.6788463889664114,0.8575757575757575,0.8773946426191231,1.0,5/5,68.41%,PCX;PCCA;ACACA;MCCC1;ACACB
prerank,Trafficking,0.36191761698637603,0.6676118198060054,0.8840782122905028,1.0,1.0,1/6,20.27%,ARMCX1
prerank,ROS and glutathione metabolism,0.26312950100640353,0.6519571363317754,0.9080841638981174,1.0,1.0,1/25,1.57%,MGST1
prerank,Signaling,0.24559261364780596,0.6421005791193939,0.926673751328374,1.0,1.0,12/40,33.80%,EFHD1;CSTAD;OCIAD2;PDE2A;MICU3;SLC8B1;SLC25A23;PRKACA;PINK1;AKAP10;SLC25A24;SIRT3
prerank,Ketone metabolism,-0.2607037401574803,-0.6263825485383943,0.9055793991416309,0.9200161787754689,1.0,8/8,73.95%,ACAA2;HADHB;HMGCL;ACAT1;OXCT1;BDH1;OXCT2A;HMGCS2
prerank,Calcium cycle,0.3006706226543042,0.5916919870773958,0.9262295081967213,1.0,1.0,2/8,20.28%,MICU3;SLC8B1
prerank,Apoptosis,0.2173193878937423,0.5593222386994097,0.9568106312292359,1.0,1.0,1/32,1.52%,BCL2A1D
prerank,GABA metabolism,0.29078234560899674,0.540381348797571,0.9486803519061584,1.0,1.0,2/6,29.00%,ADHFE1;ABAT
prerank,Nucleotide import,0.26726210545394413,0.5356736980903839,0.9676985195154778,1.0,1.0,4/8,33.57%,SLC25A41;SLC25A36;SLC25A23;SLC25A24
prerank,Calcium uniporter,0.2973158398491158,0.53495886798272,0.9604863221884499,1.0,1.0,1/5,19.21%,MICU3
prerank,Small molecule transport,0.15504759803759208,0.43143160208199843,1.0,0.9957413029253065,1.0,13/78,26.10%,SFXN5;ABCD2;MPV17L;SLC25A27;UCP1;SLC25A41;MICU3;SLC8B1;SLC25A36;SFXN3;SFXN4;SLC25A23;SLC25A2
